--
-- PostgreSQL database dump
--

-- Dumped from database version 16.9
-- Dumped by pg_dump version 16.9

SET statement_timeout = 0;
SET lock_timeout = 0;
SET idle_in_transaction_session_timeout = 0;
SET client_encoding = 'UTF8';
SET standard_conforming_strings = on;
SELECT pg_catalog.set_config('search_path', '', false);
SET check_function_bodies = false;
SET xmloption = content;
SET client_min_messages = warning;
SET row_security = off;

--
-- Data for Name: Books; Type: TABLE DATA; Schema: public; Owner: postgres
--

COPY public."Books" (id, title, author, published_year, stock, isbn, created_at, updated_at) FROM stdin;
0569cc7d-01c0-4fc5-b9f4-f03b51735306	The Great Gatsby	F. Scott Fitzgerald	1925	5	9780743273565	2025-07-30 14:39:11.187+00	2025-07-30 14:39:11.187+00
1b74d79e-fb9e-4b2a-8bba-66ac1f9cfcef	To Kill a Mockingbird	Harper Lee	1960	3	9780446310789	2025-07-30 14:39:11.187+00	2025-07-30 14:39:11.187+00
6216f445-e845-4608-88a1-9bee8ae457d5	1984	George Orwell	1949	4	9780451524935	2025-07-30 14:39:11.187+00	2025-07-30 14:39:11.187+00
d12ccb3d-45dc-4377-96d4-8385c27b2c05	Pride and Prejudice	Jane Austen	1813	6	9780141439518	2025-07-30 14:39:11.187+00	2025-07-30 14:39:11.187+00
62219050-3423-4792-8f29-0fce17fa369a	The Catcher in the Rye	J.D. Salinger	1951	3	9780316769488	2025-07-30 14:39:11.187+00	2025-07-30 14:39:11.187+00
0070cb79-8ea6-4488-ac4a-d35be9de68a6	The Hobbit	J.R.R. Tolkien	1937	7	9780547928227	2025-07-30 14:39:11.187+00	2025-07-30 14:39:11.187+00
7a8ba492-065d-448f-a941-5f04a2ab3920	The Da Vinci Code	Dan Brown	2003	4	9780307474278	2025-07-30 14:39:11.187+00	2025-07-30 14:39:11.187+00
065fd204-6b1b-49fd-af0e-918f73217497	The Alchemist	Paulo Coelho	1988	5	9780062315007	2025-07-30 14:39:11.187+00	2025-07-30 14:39:11.187+00
c92085b7-b5e7-4f18-a509-f6df62190d46	The Little Prince	Antoine de Saint-Exupéry	1943	8	9780156012195	2025-07-30 14:39:11.187+00	2025-07-30 14:39:11.187+00
7aefb0f8-f118-4b09-b035-2586519a1190	Brave New World	Aldous Huxley	1932	4	9780060850524	2025-07-30 14:39:11.187+00	2025-07-30 14:39:11.187+00
cc4194b5-2808-4f36-9223-44198fa8cfa2	The Lord of the Rings	J.R.R. Tolkien	1954	6	9780618640157	2025-07-30 14:39:11.187+00	2025-07-30 14:39:11.187+00
eb7f3821-5f2d-4723-9ac2-89930e21037a	Harry Potter and the Sorcerer's Stone	J.K. Rowling	1997	7	9780590353427	2025-07-30 14:39:11.187+00	2025-07-30 14:39:11.187+00
f9132fef-5082-4ed6-a2b1-48283ae58fee	The Chronicles of Narnia	C.S. Lewis	1950	5	9780066238501	2025-07-30 14:39:11.187+00	2025-07-30 14:39:11.187+00
43cb38dc-67da-482a-91f2-e08b7e53fbc0	One Hundred Years of Solitude	Gabriel García Márquez	1967	3	9780060883287	2025-07-30 14:39:11.187+00	2025-07-30 14:39:11.187+00
df2af617-2e3a-4da9-b63f-a82c49c11ec8	The Hunger Games	Suzanne Collins	2008	6	9780439023481	2025-07-30 14:39:11.187+00	2025-07-30 14:39:11.187+00
4015afe1-4168-4752-a14d-f977acb8da62	The Road	Cormac McCarthy	2006	4	9780307387899	2025-07-30 14:39:11.187+00	2025-07-30 14:39:11.187+00
8ed048f7-b9a6-4e38-90b8-c4194b85c1f6	The Kite Runner	Khaled Hosseini	2003	5	9781594631931	2025-07-30 14:39:11.187+00	2025-07-30 14:39:11.187+00
7a4c7e15-12f3-4a2f-af6e-eac7e9f79d36	The Girl with the Dragon Tattoo	Stieg Larsson	2005	4	9780307949486	2025-07-30 14:39:11.187+00	2025-07-30 14:39:11.187+00
da619df3-cc0e-4d97-87cc-d1eede4ad28b	The Book Thief	Markus Zusak	2005	6	9780375842207	2025-07-30 14:39:11.187+00	2025-07-30 14:39:11.187+00
8a91b358-905c-4d0a-b9af-a6156330b4ff	Life of Pi	Yann Martel	2001	5	9780156027328	2025-07-30 14:39:11.187+00	2025-07-30 14:39:11.187+00
\.


--
-- Data for Name: Members; Type: TABLE DATA; Schema: public; Owner: postgres
--

COPY public."Members" (id, name, email, phone, address, created_at, updated_at) FROM stdin;
9dcc9005-9340-4621-9025-6b1526e6676e	John Doe	john.doe@email.com	081234567890	123 Main St, City	2025-07-30 14:39:11.196+00	2025-07-30 14:39:11.196+00
99ab0b0e-129b-4f07-ba07-0aacfb6bdc4a	Jane Smith	jane.smith@email.com	081234567891	456 Oak Ave, Town	2025-07-30 14:39:11.196+00	2025-07-30 14:39:11.196+00
d4c05cd6-09a9-4f00-9891-e6ef87dba6f6	Robert Johnson	robert.j@email.com	081234567892	789 Pine Rd, Village	2025-07-30 14:39:11.196+00	2025-07-30 14:39:11.196+00
ab2961d4-3138-4e95-ab58-48131fe59a56	Mary Williams	mary.w@email.com	081234567893	321 Elm St, Borough	2025-07-30 14:39:11.196+00	2025-07-30 14:39:11.196+00
aa5cc747-5598-4046-9ba8-2fea31792840	Michael Brown	michael.b@email.com	081234567894	654 Maple Dr, District	2025-07-30 14:39:11.196+00	2025-07-30 14:39:11.196+00
d1f29fa9-69e2-4be7-b2fa-5b68abd3e475	Sarah Davis	sarah.d@email.com	081234567895	987 Cedar Ln, County	2025-07-30 14:39:11.196+00	2025-07-30 14:39:11.196+00
785b2414-b539-4e53-b421-e75c5d7548fb	James Wilson	james.w@email.com	081234567896	147 Birch Ave, State	2025-07-30 14:39:11.196+00	2025-07-30 14:39:11.196+00
ea8714db-4108-4bda-ae8d-084ee6db5ea1	Emily Taylor	emily.t@email.com	081234567897	258 Spruce St, Province	2025-07-30 14:39:11.196+00	2025-07-30 14:39:11.196+00
38f57996-5c0d-4ed8-85a5-c985176ee608	David Anderson	david.a@email.com	081234567898	369 Ash Rd, Territory	2025-07-30 14:39:11.196+00	2025-07-30 14:39:11.196+00
fd23d27f-ea94-4dde-958a-c8c39487e5b5	Lisa Thomas	lisa.t@email.com	081234567899	741 Walnut Ct, Region	2025-07-30 14:39:11.196+00	2025-07-30 14:39:11.196+00
07051b47-ff5c-4814-b711-42c8b1ee3d24	Kevin Martin	kevin.m@email.com	081234567800	852 Cherry Ln, Area	2025-07-30 14:39:11.196+00	2025-07-30 14:39:11.196+00
921f4f69-89f0-4a9a-b586-a5c3f83b5274	Jennifer White	jennifer.w@email.com	081234567801	963 Palm Ave, Zone	2025-07-30 14:39:11.196+00	2025-07-30 14:39:11.196+00
d519f5d8-0be7-43bc-afcb-47d1819f4550	Christopher Lee	chris.l@email.com	081234567802	159 Beach Rd, Sector	2025-07-30 14:39:11.196+00	2025-07-30 14:39:11.196+00
f23e5bc8-3db9-43ab-852b-4cfef6e70dc0	Amanda Clark	amanda.c@email.com	081234567803	357 Coast St, District	2025-07-30 14:39:11.196+00	2025-07-30 14:39:11.196+00
a377a757-b589-4e1c-8186-509e7c0fff5b	Daniel Martinez	daniel.m@email.com	081234567804	468 River Dr, County	2025-07-30 14:39:11.196+00	2025-07-30 14:39:11.196+00
86d6d88f-1b8f-4658-a373-8290e7ce5f36	Michelle Garcia	michelle.g@email.com	081234567805	789 Lake Ave, State	2025-07-30 14:39:11.196+00	2025-07-30 14:39:11.196+00
43bdb2ef-0e31-4540-9ba1-f3a381975877	Andrew Robinson	andrew.r@email.com	081234567806	951 Ocean Blvd, Province	2025-07-30 14:39:11.196+00	2025-07-30 14:39:11.196+00
31aeba78-5dde-457f-8f4c-04a5c77e3ce4	Patricia Rodriguez	patricia.r@email.com	081234567807	753 Bay St, Territory	2025-07-30 14:39:11.196+00	2025-07-30 14:39:11.196+00
efd20a69-5aad-4bc3-b2a8-174d1a7801dc	Joseph Hall	joseph.h@email.com	081234567808	246 Harbor Rd, Region	2025-07-30 14:39:11.196+00	2025-07-30 14:39:11.196+00
a1446c69-82ad-4a7e-90df-02f4588f678c	Nicole King	nicole.k@email.com	081234567809	135 Port Ave, Area	2025-07-30 14:39:11.196+00	2025-07-30 14:39:11.196+00
\.


--
-- Data for Name: Borrowings; Type: TABLE DATA; Schema: public; Owner: postgres
--

COPY public."Borrowings" (id, book_id, member_id, borrow_date, return_date, status, created_at, updated_at) FROM stdin;
4769aedb-6936-4278-b790-7e66c314655e	0569cc7d-01c0-4fc5-b9f4-f03b51735306	9dcc9005-9340-4621-9025-6b1526e6676e	2024-11-21 00:00:00+00	2024-11-28 00:00:00+00	RETURNED	2025-07-30 14:39:11.202+00	2025-07-30 14:39:11.202+00
f9c9224c-f5f3-4bb8-a266-67ff7048e182	1b74d79e-fb9e-4b2a-8bba-66ac1f9cfcef	99ab0b0e-129b-4f07-ba07-0aacfb6bdc4a	2024-11-22 00:00:00+00	2024-11-29 00:00:00+00	RETURNED	2025-07-30 14:39:11.202+00	2025-07-30 14:39:11.202+00
4747a26c-58f3-48b6-8380-97bade1f44c7	6216f445-e845-4608-88a1-9bee8ae457d5	d4c05cd6-09a9-4f00-9891-e6ef87dba6f6	2024-11-23 00:00:00+00	2024-11-30 00:00:00+00	RETURNED	2025-07-30 14:39:11.202+00	2025-07-30 14:39:11.202+00
3e929277-6694-41a0-9dde-9b069ef1962b	d12ccb3d-45dc-4377-96d4-8385c27b2c05	ab2961d4-3138-4e95-ab58-48131fe59a56	2024-11-24 00:00:00+00	\N	BORROWED	2025-07-30 14:39:11.202+00	2025-07-30 14:39:11.202+00
6c055f22-58cb-4a3a-9a8a-fefa77c0adc7	62219050-3423-4792-8f29-0fce17fa369a	aa5cc747-5598-4046-9ba8-2fea31792840	2024-11-25 00:00:00+00	\N	BORROWED	2025-07-30 14:39:11.202+00	2025-07-30 14:39:11.202+00
ed2156bf-d7d6-4bc9-b20e-0cdd912f689a	0070cb79-8ea6-4488-ac4a-d35be9de68a6	d1f29fa9-69e2-4be7-b2fa-5b68abd3e475	2024-11-26 00:00:00+00	2024-12-03 00:00:00+00	RETURNED	2025-07-30 14:39:11.202+00	2025-07-30 14:39:11.202+00
70f785ed-ee23-48c6-b4d1-da56f0638292	7a8ba492-065d-448f-a941-5f04a2ab3920	785b2414-b539-4e53-b421-e75c5d7548fb	2024-11-27 00:00:00+00	\N	BORROWED	2025-07-30 14:39:11.202+00	2025-07-30 14:39:11.202+00
c43a9ad9-d8c9-43a6-9c61-74da2dc0b7f9	065fd204-6b1b-49fd-af0e-918f73217497	ea8714db-4108-4bda-ae8d-084ee6db5ea1	2024-11-28 00:00:00+00	2024-12-05 00:00:00+00	RETURNED	2025-07-30 14:39:11.202+00	2025-07-30 14:39:11.202+00
eb0efad6-b6f6-4887-a233-820680125563	c92085b7-b5e7-4f18-a509-f6df62190d46	38f57996-5c0d-4ed8-85a5-c985176ee608	2024-11-29 00:00:00+00	\N	BORROWED	2025-07-30 14:39:11.202+00	2025-07-30 14:39:11.202+00
3aef876b-1c03-44c9-acbd-73147abdc7fc	7aefb0f8-f118-4b09-b035-2586519a1190	fd23d27f-ea94-4dde-958a-c8c39487e5b5	2024-11-30 00:00:00+00	2024-12-07 00:00:00+00	RETURNED	2025-07-30 14:39:11.202+00	2025-07-30 14:39:11.202+00
a6f391a4-a11c-4487-ad84-991566d69987	cc4194b5-2808-4f36-9223-44198fa8cfa2	07051b47-ff5c-4814-b711-42c8b1ee3d24	2024-12-01 00:00:00+00	\N	BORROWED	2025-07-30 14:39:11.202+00	2025-07-30 14:39:11.202+00
09b737f1-2074-4afc-a775-6c2453a7089c	eb7f3821-5f2d-4723-9ac2-89930e21037a	921f4f69-89f0-4a9a-b586-a5c3f83b5274	2024-12-02 00:00:00+00	2024-12-09 00:00:00+00	RETURNED	2025-07-30 14:39:11.202+00	2025-07-30 14:39:11.202+00
fee0c706-7e72-48f7-af92-996a67f1be0d	f9132fef-5082-4ed6-a2b1-48283ae58fee	d519f5d8-0be7-43bc-afcb-47d1819f4550	2024-12-03 00:00:00+00	\N	BORROWED	2025-07-30 14:39:11.202+00	2025-07-30 14:39:11.202+00
f169d0c9-f98d-4228-ab86-6f03dc9ececa	43cb38dc-67da-482a-91f2-e08b7e53fbc0	f23e5bc8-3db9-43ab-852b-4cfef6e70dc0	2024-12-04 00:00:00+00	2024-12-11 00:00:00+00	RETURNED	2025-07-30 14:39:11.202+00	2025-07-30 14:39:11.202+00
597c3341-ceba-4e13-8fc4-cdd58c35d163	df2af617-2e3a-4da9-b63f-a82c49c11ec8	a377a757-b589-4e1c-8186-509e7c0fff5b	2024-12-05 00:00:00+00	\N	BORROWED	2025-07-30 14:39:11.202+00	2025-07-30 14:39:11.202+00
eb1ddbea-c4c7-4749-b89a-1f27ec960dae	4015afe1-4168-4752-a14d-f977acb8da62	86d6d88f-1b8f-4658-a373-8290e7ce5f36	2024-12-06 00:00:00+00	2024-12-13 00:00:00+00	RETURNED	2025-07-30 14:39:11.202+00	2025-07-30 14:39:11.202+00
635f3618-ec14-47a3-8d74-bf9816a91788	8ed048f7-b9a6-4e38-90b8-c4194b85c1f6	43bdb2ef-0e31-4540-9ba1-f3a381975877	2024-12-07 00:00:00+00	\N	BORROWED	2025-07-30 14:39:11.202+00	2025-07-30 14:39:11.202+00
1182af4e-0007-4581-a92c-23fc27d729e4	7a4c7e15-12f3-4a2f-af6e-eac7e9f79d36	31aeba78-5dde-457f-8f4c-04a5c77e3ce4	2024-12-08 00:00:00+00	\N	BORROWED	2025-07-30 14:39:11.202+00	2025-07-30 14:39:11.202+00
ae784ef9-95f3-4561-a24e-edefddf64466	da619df3-cc0e-4d97-87cc-d1eede4ad28b	efd20a69-5aad-4bc3-b2a8-174d1a7801dc	2024-12-09 00:00:00+00	\N	BORROWED	2025-07-30 14:39:11.202+00	2025-07-30 14:39:11.202+00
fdb3c97f-0990-42b5-aa9f-8ecd689f507c	8a91b358-905c-4d0a-b9af-a6156330b4ff	a1446c69-82ad-4a7e-90df-02f4588f678c	2024-12-10 00:00:00+00	2024-12-17 00:00:00+00	RETURNED	2025-07-30 14:39:11.202+00	2025-07-30 14:39:11.202+00
\.


--
-- PostgreSQL database dump complete
--

